--
-- PostgreSQL database dump
--

-- Dumped from database version 15.5 (Ubuntu 15.5-1.pgdg20.04+1)
-- Dumped by pg_dump version 16.1 (Ubuntu 16.1-1.pgdg22.04+1)

SET statement_timeout = 0;
SET lock_timeout = 0;
SET idle_in_transaction_session_timeout = 0;
SET client_encoding = 'UTF8';
SET standard_conforming_strings = on;
SELECT pg_catalog.set_config('search_path', '', false);
SET check_function_bodies = false;
SET xmloption = content;
SET client_min_messages = warning;
SET row_security = off;

--
-- Name: heroku_ext; Type: SCHEMA; Schema: -; Owner: u3d8etovkoa4at
--

CREATE SCHEMA heroku_ext;


ALTER SCHEMA heroku_ext OWNER TO u3d8etovkoa4at;

--
-- Name: public; Type: SCHEMA; Schema: -; Owner: kb4xc0tobb
--

-- *not* creating schema, since initdb creates it


ALTER SCHEMA public OWNER TO kb4xc0tobb;

--
-- Name: pg_stat_statements; Type: EXTENSION; Schema: -; Owner: -
--

CREATE EXTENSION IF NOT EXISTS pg_stat_statements WITH SCHEMA heroku_ext;


--
-- Name: EXTENSION pg_stat_statements; Type: COMMENT; Schema: -; Owner: 
--

COMMENT ON EXTENSION pg_stat_statements IS 'track planning and execution statistics of all SQL statements executed';


SET default_tablespace = '';

SET default_table_access_method = heap;

--
-- Name: auth_group; Type: TABLE; Schema: public; Owner: kb4xc0tobb
--

CREATE TABLE public.auth_group (
    id integer NOT NULL,
    name character varying(150) NOT NULL
);


ALTER TABLE public.auth_group OWNER TO kb4xc0tobb;

--
-- Name: auth_group_id_seq; Type: SEQUENCE; Schema: public; Owner: kb4xc0tobb
--

ALTER TABLE public.auth_group ALTER COLUMN id ADD GENERATED BY DEFAULT AS IDENTITY (
    SEQUENCE NAME public.auth_group_id_seq
    START WITH 1
    INCREMENT BY 1
    NO MINVALUE
    NO MAXVALUE
    CACHE 1
);


--
-- Name: auth_group_permissions; Type: TABLE; Schema: public; Owner: kb4xc0tobb
--

CREATE TABLE public.auth_group_permissions (
    id bigint NOT NULL,
    group_id integer NOT NULL,
    permission_id integer NOT NULL
);


ALTER TABLE public.auth_group_permissions OWNER TO kb4xc0tobb;

--
-- Name: auth_group_permissions_id_seq; Type: SEQUENCE; Schema: public; Owner: kb4xc0tobb
--

ALTER TABLE public.auth_group_permissions ALTER COLUMN id ADD GENERATED BY DEFAULT AS IDENTITY (
    SEQUENCE NAME public.auth_group_permissions_id_seq
    START WITH 1
    INCREMENT BY 1
    NO MINVALUE
    NO MAXVALUE
    CACHE 1
);


--
-- Name: auth_permission; Type: TABLE; Schema: public; Owner: kb4xc0tobb
--

CREATE TABLE public.auth_permission (
    id integer NOT NULL,
    name character varying(255) NOT NULL,
    content_type_id integer NOT NULL,
    codename character varying(100) NOT NULL
);


ALTER TABLE public.auth_permission OWNER TO kb4xc0tobb;

--
-- Name: auth_permission_id_seq; Type: SEQUENCE; Schema: public; Owner: kb4xc0tobb
--

ALTER TABLE public.auth_permission ALTER COLUMN id ADD GENERATED BY DEFAULT AS IDENTITY (
    SEQUENCE NAME public.auth_permission_id_seq
    START WITH 1
    INCREMENT BY 1
    NO MINVALUE
    NO MAXVALUE
    CACHE 1
);


--
-- Name: auth_user; Type: TABLE; Schema: public; Owner: kb4xc0tobb
--

CREATE TABLE public.auth_user (
    id integer NOT NULL,
    password character varying(128) NOT NULL,
    last_login timestamp with time zone,
    is_superuser boolean NOT NULL,
    username character varying(150) NOT NULL,
    first_name character varying(150) NOT NULL,
    last_name character varying(150) NOT NULL,
    email character varying(254) NOT NULL,
    is_staff boolean NOT NULL,
    is_active boolean NOT NULL,
    date_joined timestamp with time zone NOT NULL
);


ALTER TABLE public.auth_user OWNER TO kb4xc0tobb;

--
-- Name: auth_user_groups; Type: TABLE; Schema: public; Owner: kb4xc0tobb
--

CREATE TABLE public.auth_user_groups (
    id bigint NOT NULL,
    user_id integer NOT NULL,
    group_id integer NOT NULL
);


ALTER TABLE public.auth_user_groups OWNER TO kb4xc0tobb;

--
-- Name: auth_user_groups_id_seq; Type: SEQUENCE; Schema: public; Owner: kb4xc0tobb
--

ALTER TABLE public.auth_user_groups ALTER COLUMN id ADD GENERATED BY DEFAULT AS IDENTITY (
    SEQUENCE NAME public.auth_user_groups_id_seq
    START WITH 1
    INCREMENT BY 1
    NO MINVALUE
    NO MAXVALUE
    CACHE 1
);


--
-- Name: auth_user_id_seq; Type: SEQUENCE; Schema: public; Owner: kb4xc0tobb
--

ALTER TABLE public.auth_user ALTER COLUMN id ADD GENERATED BY DEFAULT AS IDENTITY (
    SEQUENCE NAME public.auth_user_id_seq
    START WITH 1
    INCREMENT BY 1
    NO MINVALUE
    NO MAXVALUE
    CACHE 1
);


--
-- Name: auth_user_user_permissions; Type: TABLE; Schema: public; Owner: kb4xc0tobb
--

CREATE TABLE public.auth_user_user_permissions (
    id bigint NOT NULL,
    user_id integer NOT NULL,
    permission_id integer NOT NULL
);


ALTER TABLE public.auth_user_user_permissions OWNER TO kb4xc0tobb;

--
-- Name: auth_user_user_permissions_id_seq; Type: SEQUENCE; Schema: public; Owner: kb4xc0tobb
--

ALTER TABLE public.auth_user_user_permissions ALTER COLUMN id ADD GENERATED BY DEFAULT AS IDENTITY (
    SEQUENCE NAME public.auth_user_user_permissions_id_seq
    START WITH 1
    INCREMENT BY 1
    NO MINVALUE
    NO MAXVALUE
    CACHE 1
);


--
-- Name: django_admin_log; Type: TABLE; Schema: public; Owner: kb4xc0tobb
--

CREATE TABLE public.django_admin_log (
    id integer NOT NULL,
    action_time timestamp with time zone NOT NULL,
    object_id text,
    object_repr character varying(200) NOT NULL,
    action_flag smallint NOT NULL,
    change_message text NOT NULL,
    content_type_id integer,
    user_id integer NOT NULL,
    CONSTRAINT django_admin_log_action_flag_check CHECK ((action_flag >= 0))
);


ALTER TABLE public.django_admin_log OWNER TO kb4xc0tobb;

--
-- Name: django_admin_log_id_seq; Type: SEQUENCE; Schema: public; Owner: kb4xc0tobb
--

ALTER TABLE public.django_admin_log ALTER COLUMN id ADD GENERATED BY DEFAULT AS IDENTITY (
    SEQUENCE NAME public.django_admin_log_id_seq
    START WITH 1
    INCREMENT BY 1
    NO MINVALUE
    NO MAXVALUE
    CACHE 1
);


--
-- Name: django_content_type; Type: TABLE; Schema: public; Owner: kb4xc0tobb
--

CREATE TABLE public.django_content_type (
    id integer NOT NULL,
    app_label character varying(100) NOT NULL,
    model character varying(100) NOT NULL
);


ALTER TABLE public.django_content_type OWNER TO kb4xc0tobb;

--
-- Name: django_content_type_id_seq; Type: SEQUENCE; Schema: public; Owner: kb4xc0tobb
--

ALTER TABLE public.django_content_type ALTER COLUMN id ADD GENERATED BY DEFAULT AS IDENTITY (
    SEQUENCE NAME public.django_content_type_id_seq
    START WITH 1
    INCREMENT BY 1
    NO MINVALUE
    NO MAXVALUE
    CACHE 1
);


--
-- Name: django_migrations; Type: TABLE; Schema: public; Owner: kb4xc0tobb
--

CREATE TABLE public.django_migrations (
    id bigint NOT NULL,
    app character varying(255) NOT NULL,
    name character varying(255) NOT NULL,
    applied timestamp with time zone NOT NULL
);


ALTER TABLE public.django_migrations OWNER TO kb4xc0tobb;

--
-- Name: django_migrations_id_seq; Type: SEQUENCE; Schema: public; Owner: kb4xc0tobb
--

ALTER TABLE public.django_migrations ALTER COLUMN id ADD GENERATED BY DEFAULT AS IDENTITY (
    SEQUENCE NAME public.django_migrations_id_seq
    START WITH 1
    INCREMENT BY 1
    NO MINVALUE
    NO MAXVALUE
    CACHE 1
);


--
-- Name: django_session; Type: TABLE; Schema: public; Owner: kb4xc0tobb
--

CREATE TABLE public.django_session (
    session_key character varying(40) NOT NULL,
    session_data text NOT NULL,
    expire_date timestamp with time zone NOT NULL
);


ALTER TABLE public.django_session OWNER TO kb4xc0tobb;

--
-- Name: main_database; Type: TABLE; Schema: public; Owner: kb4xc0tobb
--

CREATE TABLE public.main_database (
    id bigint NOT NULL,
    db_name character varying(200) NOT NULL,
    created timestamp with time zone NOT NULL,
    expires date NOT NULL,
    student_id bigint NOT NULL
);


ALTER TABLE public.main_database OWNER TO kb4xc0tobb;

--
-- Name: main_database_id_seq; Type: SEQUENCE; Schema: public; Owner: kb4xc0tobb
--

ALTER TABLE public.main_database ALTER COLUMN id ADD GENERATED BY DEFAULT AS IDENTITY (
    SEQUENCE NAME public.main_database_id_seq
    START WITH 1
    INCREMENT BY 1
    NO MINVALUE
    NO MAXVALUE
    CACHE 1
);


--
-- Name: main_usetracker; Type: TABLE; Schema: public; Owner: kb4xc0tobb
--

CREATE TABLE public.main_usetracker (
    id bigint NOT NULL,
    email character varying(200) NOT NULL,
    username character varying(200) NOT NULL,
    password character varying(200) NOT NULL,
    num_of_dbs integer NOT NULL,
    access_url character varying(16)
);


ALTER TABLE public.main_usetracker OWNER TO kb4xc0tobb;

--
-- Name: main_usetracker_id_seq; Type: SEQUENCE; Schema: public; Owner: kb4xc0tobb
--

ALTER TABLE public.main_usetracker ALTER COLUMN id ADD GENERATED BY DEFAULT AS IDENTITY (
    SEQUENCE NAME public.main_usetracker_id_seq
    START WITH 1
    INCREMENT BY 1
    NO MINVALUE
    NO MAXVALUE
    CACHE 1
);


--
-- Data for Name: auth_group; Type: TABLE DATA; Schema: public; Owner: kb4xc0tobb
--

COPY public.auth_group (id, name) FROM stdin;
\.


--
-- Data for Name: auth_group_permissions; Type: TABLE DATA; Schema: public; Owner: kb4xc0tobb
--

COPY public.auth_group_permissions (id, group_id, permission_id) FROM stdin;
\.


--
-- Data for Name: auth_permission; Type: TABLE DATA; Schema: public; Owner: kb4xc0tobb
--

COPY public.auth_permission (id, name, content_type_id, codename) FROM stdin;
1	Can add log entry	1	add_logentry
2	Can change log entry	1	change_logentry
3	Can delete log entry	1	delete_logentry
4	Can view log entry	1	view_logentry
5	Can add permission	2	add_permission
6	Can change permission	2	change_permission
7	Can delete permission	2	delete_permission
8	Can view permission	2	view_permission
9	Can add group	3	add_group
10	Can change group	3	change_group
11	Can delete group	3	delete_group
12	Can view group	3	view_group
13	Can add user	4	add_user
14	Can change user	4	change_user
15	Can delete user	4	delete_user
16	Can view user	4	view_user
17	Can add content type	5	add_contenttype
18	Can change content type	5	change_contenttype
19	Can delete content type	5	delete_contenttype
20	Can view content type	5	view_contenttype
21	Can add session	6	add_session
22	Can change session	6	change_session
23	Can delete session	6	delete_session
24	Can view session	6	view_session
25	Can add use tracker	7	add_usetracker
26	Can change use tracker	7	change_usetracker
27	Can delete use tracker	7	delete_usetracker
28	Can view use tracker	7	view_usetracker
29	Can add database	8	add_database
30	Can change database	8	change_database
31	Can delete database	8	delete_database
32	Can view database	8	view_database
\.


--
-- Data for Name: auth_user; Type: TABLE DATA; Schema: public; Owner: kb4xc0tobb
--

COPY public.auth_user (id, password, last_login, is_superuser, username, first_name, last_name, email, is_staff, is_active, date_joined) FROM stdin;
1	pbkdf2_sha256$600000$KtbLyFUfgY8oTVIDLhJo5F$3694Kp+SDH+uqSqXRp1nNn+A2yqf7WuGpzeNCsWro6s=	2023-12-07 15:41:56.805807+00	t	admin			matt@codeinstitute.net	t	t	2023-12-07 15:33:39.108933+00
2	pbkdf2_sha256$600000$dbWKXOVbyEnxnXcDcxsTRu$dh0GgVQVdQtCK6lkVJEFoG1sZhAZlAycKTUdhSkcbCg=	2023-12-12 15:17:56.444961+00	t	matt			matt@mattrudge.net	t	t	2023-12-12 15:17:49.379608+00
\.


--
-- Data for Name: auth_user_groups; Type: TABLE DATA; Schema: public; Owner: kb4xc0tobb
--

COPY public.auth_user_groups (id, user_id, group_id) FROM stdin;
\.


--
-- Data for Name: auth_user_user_permissions; Type: TABLE DATA; Schema: public; Owner: kb4xc0tobb
--

COPY public.auth_user_user_permissions (id, user_id, permission_id) FROM stdin;
\.


--
-- Data for Name: django_admin_log; Type: TABLE DATA; Schema: public; Owner: kb4xc0tobb
--

COPY public.django_admin_log (id, action_time, object_id, object_repr, action_flag, change_message, content_type_id, user_id) FROM stdin;
1	2023-12-07 15:45:52.842677+00	1	UseTracker object (1)	1	[{"added": {}}]	7	1
2	2023-12-07 16:42:56.77417+00	1	matt.rudge@codeinstitute.net has 2 databases	3		7	1
3	2023-12-07 16:59:56.966395+00	2	matt.rudge@codeinstitute.net has 1 databases	3		7	1
4	2023-12-07 17:01:46.339499+00	3	matt.rudge@codeinstitute.net has 1 databases	3		7	1
5	2023-12-07 17:03:04.967712+00	4	matt.rudge@codeinstitute.net has 1 databases	3		7	1
6	2023-12-07 17:08:40.700554+00	5	matt.rudge@codeinstitute.net has 1 databases	3		7	1
7	2023-12-07 17:09:58.151241+00	6	matt.rudge@codeinstitute.net has 1 databases	3		7	1
8	2023-12-11 09:29:04.670434+00	7	matt.rudge@codeinstitute.net has 0 databases	2	[{"changed": {"fields": ["Num of dbs"]}}]	7	1
9	2023-12-11 09:34:25.554171+00	7	matt.rudge@codeinstitute.net has 4 databases	3		7	1
10	2023-12-11 09:35:34.890306+00	8	matt.rudge@codeinstitute.net has 1 databases	3		7	1
11	2023-12-11 10:02:22.615834+00	9	matt.rudge@codeinstitute.net has 1 databases	3		7	1
12	2023-12-11 10:35:31.690241+00	10	matt.rudge@codeinstitute.net has 1 databases	3		7	1
13	2023-12-11 10:54:38.811287+00	11	matt.rudge@codeinstitute.net has 1 databases	3		7	1
14	2023-12-11 11:18:11.313677+00	12	matt.rudge@codeinstitute.net has 1 databases	3		7	1
15	2023-12-12 15:18:15.428951+00	13	matt.rudge@codeinstitute.net has 3 databases	3		7	2
16	2023-12-12 16:23:03.157263+00	14	matt.rudge@codeinstitute.net has 5 databases	3		7	2
17	2023-12-12 16:26:37.308066+00	15	matt.rudge@codeinstitute.net has 2 databases	3		7	2
18	2023-12-12 16:30:44.865351+00	16	matt.rudge@codeinstitute.net has 2 databases	3		7	2
19	2023-12-12 16:51:07.234552+00	17	matt.rudge@codeinstitute.net has 3 databases	2	[{"changed": {"fields": ["Num of dbs"]}}]	7	2
20	2023-12-12 17:02:50.962199+00	17	matt.rudge@codeinstitute.net has 3 databases	3		7	2
21	2023-12-13 11:58:59.97228+00	19	matt.rudge@codeinstitute.net has 0 databases	2	[{"changed": {"fields": ["Num of dbs"]}}]	7	2
22	2023-12-13 12:02:29.110811+00	19	matt.rudge@codeinstitute.net has 0 databases	3		7	2
23	2023-12-13 13:46:12.18196+00	18	kenan.wright@codeinstitute.net has 1 databases	2	[{"changed": {"fields": ["Access url"]}}]	7	2
24	2023-12-13 14:10:59.180712+00	6	puppy_lemon_dome_40922 expires on 2025-06-13	1	[{"added": {}}]	8	2
25	2023-12-13 14:12:47.139331+00	6	puppy_lemon_dome_40922 expires on 2025-06-12	2	[{"changed": {"fields": ["Expires"]}}]	8	2
26	2023-12-14 10:05:14.427028+00	20	matt.rudge@codeinstitute.net has 3 databases	2	[{"changed": {"fields": ["Num of dbs"]}}]	7	2
27	2023-12-14 12:14:06.371359+00	6	puppy_lemon_dome_40922 expires on 2023-12-20	2	[{"changed": {"fields": ["Expires"]}}]	8	2
\.


--
-- Data for Name: django_content_type; Type: TABLE DATA; Schema: public; Owner: kb4xc0tobb
--

COPY public.django_content_type (id, app_label, model) FROM stdin;
1	admin	logentry
2	auth	permission
3	auth	group
4	auth	user
5	contenttypes	contenttype
6	sessions	session
7	main	usetracker
8	main	database
\.


--
-- Data for Name: django_migrations; Type: TABLE DATA; Schema: public; Owner: kb4xc0tobb
--

COPY public.django_migrations (id, app, name, applied) FROM stdin;
1	contenttypes	0001_initial	2023-12-07 15:31:53.468508+00
2	auth	0001_initial	2023-12-07 15:31:56.317479+00
3	admin	0001_initial	2023-12-07 15:31:57.144262+00
4	admin	0002_logentry_remove_auto_add	2023-12-07 15:31:57.429059+00
5	admin	0003_logentry_add_action_flag_choices	2023-12-07 15:31:57.795819+00
6	contenttypes	0002_remove_content_type_name	2023-12-07 15:31:58.35859+00
7	auth	0002_alter_permission_name_max_length	2023-12-07 15:31:58.813929+00
8	auth	0003_alter_user_email_max_length	2023-12-07 15:31:59.271587+00
9	auth	0004_alter_user_username_opts	2023-12-07 15:31:59.649188+00
10	auth	0005_alter_user_last_login_null	2023-12-07 15:32:00.107492+00
11	auth	0006_require_contenttypes_0002	2023-12-07 15:32:00.460678+00
12	auth	0007_alter_validators_add_error_messages	2023-12-07 15:32:00.833078+00
13	auth	0008_alter_user_username_max_length	2023-12-07 15:32:01.294075+00
14	auth	0009_alter_user_last_name_max_length	2023-12-07 15:32:01.748855+00
15	auth	0010_alter_group_name_max_length	2023-12-07 15:32:02.228689+00
16	auth	0011_update_proxy_permissions	2023-12-07 15:32:02.599436+00
17	auth	0012_alter_user_first_name_max_length	2023-12-07 15:32:03.0554+00
18	main	0001_initial	2023-12-07 15:32:03.783966+00
19	sessions	0001_initial	2023-12-07 15:32:04.430057+00
20	main	0002_usetracker_access_url	2023-12-12 17:01:27.948961+00
21	main	0003_database	2023-12-13 09:39:32.342436+00
22	main	0004_alter_database_expires	2023-12-13 10:38:37.761149+00
23	main	0005_alter_database_expires_alter_usetracker_access_url	2023-12-13 12:03:09.819969+00
24	main	0006_alter_database_expires	2023-12-13 12:31:09.910717+00
25	main	0007_alter_database_expires	2023-12-13 17:06:22.433106+00
\.


--
-- Data for Name: django_session; Type: TABLE DATA; Schema: public; Owner: kb4xc0tobb
--

COPY public.django_session (session_key, session_data, expire_date) FROM stdin;
o62ntwjh2k5eejreoh2m7s77tk2zqw7t	.eJxVjEsOAiEQBe_C2hBoxunGpXvPQKBpZNRAMp-V8e5mklno9lXVe6sQt7WGbZE5TFldlFWn3y1FfkrbQX7Edu-ae1vnKeld0Qdd9K1neV0P9--gxqXuNQqSc4MBSyOnYsVlYDZkEWDwhN6PBc9DAYojM2IhIWfFeMjFG1afL8OqNzU:1rBGVg:Gb4G7vkFENB88ZUntA08oeXhuoEWVKaer65qDvcgwsA	2023-12-21 15:41:56.898881+00
mzh7v8jg7j2bzmv4tmzecl824xj4dr1n	.eJxVjDsOwjAUBO_iGlnG32dKes4Qrf0MCSBbipMKcXeIlALanZl9iQHrMg5rL_MwsTgJLQ6_W0J-lLoBvqPemsytLvOU5KbInXZ5aVye5939OxjRx2_tybpMwfp4ZW0Ane1RxeBBFGFdIjgywRMSjFOF4bQyHBJFZlZg8f4Axbo3rg:1rD4WC:APc5mPdIFOjqXcimcrNxmLph9WUrDMDd5kxFhn6CNCc	2023-12-26 15:17:56.448171+00
\.


--
-- Data for Name: main_database; Type: TABLE DATA; Schema: public; Owner: kb4xc0tobb
--

COPY public.main_database (id, db_name, created, expires, student_id) FROM stdin;
13	roman_clad_batch_544339	2023-12-13 16:22:13.71685+00	2025-06-13	21
20	rock_blimp_oil_789339	2023-12-14 07:36:48.289461+00	2025-06-14	21
6	puppy_lemon_dome_40922	2023-12-13 14:10:59.179576+00	2023-12-20	18
35	eagle_jump_vest_349715	2023-12-14 19:04:58.396599+00	2025-06-14	23
39	elk_from_press_935541	2023-12-15 16:08:19.348108+00	2025-06-15	22
41	opera_work_photo_283422	2023-12-15 16:08:35.357484+00	2025-06-15	22
43	grass_down_opera_796617	2023-12-15 16:08:44.888881+00	2025-06-15	22
44	faced_stray_taste_520904	2023-12-15 16:08:51.458291+00	2025-06-15	22
45	cork_stir_clay_313547	2023-12-15 16:23:23.409751+00	2025-06-15	22
46	scoff_decaf_dried_990798	2023-12-15 16:23:35.604678+00	2025-06-15	22
47	pout_snort_taps_773277	2023-12-15 16:27:58.110964+00	2025-06-15	22
50	come_awoke_emit_67442	2023-12-19 16:46:21.783262+00	2025-06-19	25
52	limes_shady_stuck_530625	2023-12-20 14:09:52.860871+00	2025-06-20	20
53	tulip_slaw_atlas_14331	2023-12-20 15:01:50.372947+00	2025-06-20	20
54	print_sway_scoot_247114	2023-12-21 12:14:27.080992+00	2025-06-21	20
\.


--
-- Data for Name: main_usetracker; Type: TABLE DATA; Schema: public; Owner: kb4xc0tobb
--

COPY public.main_usetracker (id, email, username, password, num_of_dbs, access_url) FROM stdin;
18	kenan.wright@codeinstitute.net	ofo9pl8j1y	RTvi2A2rDjol	1	341265d99be088ea
23	matt@codeinstitute.net	gir53ltcd8	xSbLRxQVeCue	1	MQopdgNmawdQhwHs
22	david.horrocks@codeinstitute.net	qhcl3rujdd	wMXxentoM84w	7	YFzXDTmIZKIjYtEJ
21	john@codeinstitute.net	js8qxmvz3a	rmNUACEhzdVm	2	YaOcBsiqkY3apOPN
24	niel@codeinstitute.net	gabtsuujte	g6N3iskToQjC	0	o6JkR7PIPo8yzW8s
25	brian@codeinstitute.net	fdbdabdw2j	tI8srebQIJDX	1	zqCyyeQBHNIOV0p4
20	matt.rudge@codeinstitute.net	kb4xc0tobb	139Hz2XLYRjc	3	FBh3aFibgXVgKURV
\.


--
-- Name: auth_group_id_seq; Type: SEQUENCE SET; Schema: public; Owner: kb4xc0tobb
--

SELECT pg_catalog.setval('public.auth_group_id_seq', 1, false);


--
-- Name: auth_group_permissions_id_seq; Type: SEQUENCE SET; Schema: public; Owner: kb4xc0tobb
--

SELECT pg_catalog.setval('public.auth_group_permissions_id_seq', 1, false);


--
-- Name: auth_permission_id_seq; Type: SEQUENCE SET; Schema: public; Owner: kb4xc0tobb
--

SELECT pg_catalog.setval('public.auth_permission_id_seq', 32, true);


--
-- Name: auth_user_groups_id_seq; Type: SEQUENCE SET; Schema: public; Owner: kb4xc0tobb
--

SELECT pg_catalog.setval('public.auth_user_groups_id_seq', 1, false);


--
-- Name: auth_user_id_seq; Type: SEQUENCE SET; Schema: public; Owner: kb4xc0tobb
--

SELECT pg_catalog.setval('public.auth_user_id_seq', 2, true);


--
-- Name: auth_user_user_permissions_id_seq; Type: SEQUENCE SET; Schema: public; Owner: kb4xc0tobb
--

SELECT pg_catalog.setval('public.auth_user_user_permissions_id_seq', 1, false);


--
-- Name: django_admin_log_id_seq; Type: SEQUENCE SET; Schema: public; Owner: kb4xc0tobb
--

SELECT pg_catalog.setval('public.django_admin_log_id_seq', 27, true);


--
-- Name: django_content_type_id_seq; Type: SEQUENCE SET; Schema: public; Owner: kb4xc0tobb
--

SELECT pg_catalog.setval('public.django_content_type_id_seq', 8, true);


--
-- Name: django_migrations_id_seq; Type: SEQUENCE SET; Schema: public; Owner: kb4xc0tobb
--

SELECT pg_catalog.setval('public.django_migrations_id_seq', 25, true);


--
-- Name: main_database_id_seq; Type: SEQUENCE SET; Schema: public; Owner: kb4xc0tobb
--

SELECT pg_catalog.setval('public.main_database_id_seq', 54, true);


--
-- Name: main_usetracker_id_seq; Type: SEQUENCE SET; Schema: public; Owner: kb4xc0tobb
--

SELECT pg_catalog.setval('public.main_usetracker_id_seq', 25, true);


--
-- Name: auth_group auth_group_name_key; Type: CONSTRAINT; Schema: public; Owner: kb4xc0tobb
--

ALTER TABLE ONLY public.auth_group
    ADD CONSTRAINT auth_group_name_key UNIQUE (name);


--
-- Name: auth_group_permissions auth_group_permissions_group_id_permission_id_0cd325b0_uniq; Type: CONSTRAINT; Schema: public; Owner: kb4xc0tobb
--

ALTER TABLE ONLY public.auth_group_permissions
    ADD CONSTRAINT auth_group_permissions_group_id_permission_id_0cd325b0_uniq UNIQUE (group_id, permission_id);


--
-- Name: auth_group_permissions auth_group_permissions_pkey; Type: CONSTRAINT; Schema: public; Owner: kb4xc0tobb
--

ALTER TABLE ONLY public.auth_group_permissions
    ADD CONSTRAINT auth_group_permissions_pkey PRIMARY KEY (id);


--
-- Name: auth_group auth_group_pkey; Type: CONSTRAINT; Schema: public; Owner: kb4xc0tobb
--

ALTER TABLE ONLY public.auth_group
    ADD CONSTRAINT auth_group_pkey PRIMARY KEY (id);


--
-- Name: auth_permission auth_permission_content_type_id_codename_01ab375a_uniq; Type: CONSTRAINT; Schema: public; Owner: kb4xc0tobb
--

ALTER TABLE ONLY public.auth_permission
    ADD CONSTRAINT auth_permission_content_type_id_codename_01ab375a_uniq UNIQUE (content_type_id, codename);


--
-- Name: auth_permission auth_permission_pkey; Type: CONSTRAINT; Schema: public; Owner: kb4xc0tobb
--

ALTER TABLE ONLY public.auth_permission
    ADD CONSTRAINT auth_permission_pkey PRIMARY KEY (id);


--
-- Name: auth_user_groups auth_user_groups_pkey; Type: CONSTRAINT; Schema: public; Owner: kb4xc0tobb
--

ALTER TABLE ONLY public.auth_user_groups
    ADD CONSTRAINT auth_user_groups_pkey PRIMARY KEY (id);


--
-- Name: auth_user_groups auth_user_groups_user_id_group_id_94350c0c_uniq; Type: CONSTRAINT; Schema: public; Owner: kb4xc0tobb
--

ALTER TABLE ONLY public.auth_user_groups
    ADD CONSTRAINT auth_user_groups_user_id_group_id_94350c0c_uniq UNIQUE (user_id, group_id);


--
-- Name: auth_user auth_user_pkey; Type: CONSTRAINT; Schema: public; Owner: kb4xc0tobb
--

ALTER TABLE ONLY public.auth_user
    ADD CONSTRAINT auth_user_pkey PRIMARY KEY (id);


--
-- Name: auth_user_user_permissions auth_user_user_permissions_pkey; Type: CONSTRAINT; Schema: public; Owner: kb4xc0tobb
--

ALTER TABLE ONLY public.auth_user_user_permissions
    ADD CONSTRAINT auth_user_user_permissions_pkey PRIMARY KEY (id);


--
-- Name: auth_user_user_permissions auth_user_user_permissions_user_id_permission_id_14a6b632_uniq; Type: CONSTRAINT; Schema: public; Owner: kb4xc0tobb
--

ALTER TABLE ONLY public.auth_user_user_permissions
    ADD CONSTRAINT auth_user_user_permissions_user_id_permission_id_14a6b632_uniq UNIQUE (user_id, permission_id);


--
-- Name: auth_user auth_user_username_key; Type: CONSTRAINT; Schema: public; Owner: kb4xc0tobb
--

ALTER TABLE ONLY public.auth_user
    ADD CONSTRAINT auth_user_username_key UNIQUE (username);


--
-- Name: django_admin_log django_admin_log_pkey; Type: CONSTRAINT; Schema: public; Owner: kb4xc0tobb
--

ALTER TABLE ONLY public.django_admin_log
    ADD CONSTRAINT django_admin_log_pkey PRIMARY KEY (id);


--
-- Name: django_content_type django_content_type_app_label_model_76bd3d3b_uniq; Type: CONSTRAINT; Schema: public; Owner: kb4xc0tobb
--

ALTER TABLE ONLY public.django_content_type
    ADD CONSTRAINT django_content_type_app_label_model_76bd3d3b_uniq UNIQUE (app_label, model);


--
-- Name: django_content_type django_content_type_pkey; Type: CONSTRAINT; Schema: public; Owner: kb4xc0tobb
--

ALTER TABLE ONLY public.django_content_type
    ADD CONSTRAINT django_content_type_pkey PRIMARY KEY (id);


--
-- Name: django_migrations django_migrations_pkey; Type: CONSTRAINT; Schema: public; Owner: kb4xc0tobb
--

ALTER TABLE ONLY public.django_migrations
    ADD CONSTRAINT django_migrations_pkey PRIMARY KEY (id);


--
-- Name: django_session django_session_pkey; Type: CONSTRAINT; Schema: public; Owner: kb4xc0tobb
--

ALTER TABLE ONLY public.django_session
    ADD CONSTRAINT django_session_pkey PRIMARY KEY (session_key);


--
-- Name: main_database main_database_db_name_key; Type: CONSTRAINT; Schema: public; Owner: kb4xc0tobb
--

ALTER TABLE ONLY public.main_database
    ADD CONSTRAINT main_database_db_name_key UNIQUE (db_name);


--
-- Name: main_database main_database_pkey; Type: CONSTRAINT; Schema: public; Owner: kb4xc0tobb
--

ALTER TABLE ONLY public.main_database
    ADD CONSTRAINT main_database_pkey PRIMARY KEY (id);


--
-- Name: main_usetracker main_usetracker_access_url_key; Type: CONSTRAINT; Schema: public; Owner: kb4xc0tobb
--

ALTER TABLE ONLY public.main_usetracker
    ADD CONSTRAINT main_usetracker_access_url_key UNIQUE (access_url);


--
-- Name: main_usetracker main_usetracker_email_key; Type: CONSTRAINT; Schema: public; Owner: kb4xc0tobb
--

ALTER TABLE ONLY public.main_usetracker
    ADD CONSTRAINT main_usetracker_email_key UNIQUE (email);


--
-- Name: main_usetracker main_usetracker_pkey; Type: CONSTRAINT; Schema: public; Owner: kb4xc0tobb
--

ALTER TABLE ONLY public.main_usetracker
    ADD CONSTRAINT main_usetracker_pkey PRIMARY KEY (id);


--
-- Name: main_usetracker main_usetracker_username_key; Type: CONSTRAINT; Schema: public; Owner: kb4xc0tobb
--

ALTER TABLE ONLY public.main_usetracker
    ADD CONSTRAINT main_usetracker_username_key UNIQUE (username);


--
-- Name: auth_group_name_a6ea08ec_like; Type: INDEX; Schema: public; Owner: kb4xc0tobb
--

CREATE INDEX auth_group_name_a6ea08ec_like ON public.auth_group USING btree (name varchar_pattern_ops);


--
-- Name: auth_group_permissions_group_id_b120cbf9; Type: INDEX; Schema: public; Owner: kb4xc0tobb
--

CREATE INDEX auth_group_permissions_group_id_b120cbf9 ON public.auth_group_permissions USING btree (group_id);


--
-- Name: auth_group_permissions_permission_id_84c5c92e; Type: INDEX; Schema: public; Owner: kb4xc0tobb
--

CREATE INDEX auth_group_permissions_permission_id_84c5c92e ON public.auth_group_permissions USING btree (permission_id);


--
-- Name: auth_permission_content_type_id_2f476e4b; Type: INDEX; Schema: public; Owner: kb4xc0tobb
--

CREATE INDEX auth_permission_content_type_id_2f476e4b ON public.auth_permission USING btree (content_type_id);


--
-- Name: auth_user_groups_group_id_97559544; Type: INDEX; Schema: public; Owner: kb4xc0tobb
--

CREATE INDEX auth_user_groups_group_id_97559544 ON public.auth_user_groups USING btree (group_id);


--
-- Name: auth_user_groups_user_id_6a12ed8b; Type: INDEX; Schema: public; Owner: kb4xc0tobb
--

CREATE INDEX auth_user_groups_user_id_6a12ed8b ON public.auth_user_groups USING btree (user_id);


--
-- Name: auth_user_user_permissions_permission_id_1fbb5f2c; Type: INDEX; Schema: public; Owner: kb4xc0tobb
--

CREATE INDEX auth_user_user_permissions_permission_id_1fbb5f2c ON public.auth_user_user_permissions USING btree (permission_id);


--
-- Name: auth_user_user_permissions_user_id_a95ead1b; Type: INDEX; Schema: public; Owner: kb4xc0tobb
--

CREATE INDEX auth_user_user_permissions_user_id_a95ead1b ON public.auth_user_user_permissions USING btree (user_id);


--
-- Name: auth_user_username_6821ab7c_like; Type: INDEX; Schema: public; Owner: kb4xc0tobb
--

CREATE INDEX auth_user_username_6821ab7c_like ON public.auth_user USING btree (username varchar_pattern_ops);


--
-- Name: django_admin_log_content_type_id_c4bce8eb; Type: INDEX; Schema: public; Owner: kb4xc0tobb
--

CREATE INDEX django_admin_log_content_type_id_c4bce8eb ON public.django_admin_log USING btree (content_type_id);


--
-- Name: django_admin_log_user_id_c564eba6; Type: INDEX; Schema: public; Owner: kb4xc0tobb
--

CREATE INDEX django_admin_log_user_id_c564eba6 ON public.django_admin_log USING btree (user_id);


--
-- Name: django_session_expire_date_a5c62663; Type: INDEX; Schema: public; Owner: kb4xc0tobb
--

CREATE INDEX django_session_expire_date_a5c62663 ON public.django_session USING btree (expire_date);


--
-- Name: django_session_session_key_c0390e0f_like; Type: INDEX; Schema: public; Owner: kb4xc0tobb
--

CREATE INDEX django_session_session_key_c0390e0f_like ON public.django_session USING btree (session_key varchar_pattern_ops);


--
-- Name: main_database_db_name_6fe6c918_like; Type: INDEX; Schema: public; Owner: kb4xc0tobb
--

CREATE INDEX main_database_db_name_6fe6c918_like ON public.main_database USING btree (db_name varchar_pattern_ops);


--
-- Name: main_database_student_id_7fc1a0db; Type: INDEX; Schema: public; Owner: kb4xc0tobb
--

CREATE INDEX main_database_student_id_7fc1a0db ON public.main_database USING btree (student_id);


--
-- Name: main_usetracker_access_url_d036959a_like; Type: INDEX; Schema: public; Owner: kb4xc0tobb
--

CREATE INDEX main_usetracker_access_url_d036959a_like ON public.main_usetracker USING btree (access_url varchar_pattern_ops);


--
-- Name: main_usetracker_email_84b96fc8_like; Type: INDEX; Schema: public; Owner: kb4xc0tobb
--

CREATE INDEX main_usetracker_email_84b96fc8_like ON public.main_usetracker USING btree (email varchar_pattern_ops);


--
-- Name: main_usetracker_username_f64c5143_like; Type: INDEX; Schema: public; Owner: kb4xc0tobb
--

CREATE INDEX main_usetracker_username_f64c5143_like ON public.main_usetracker USING btree (username varchar_pattern_ops);


--
-- Name: auth_group_permissions auth_group_permissio_permission_id_84c5c92e_fk_auth_perm; Type: FK CONSTRAINT; Schema: public; Owner: kb4xc0tobb
--

ALTER TABLE ONLY public.auth_group_permissions
    ADD CONSTRAINT auth_group_permissio_permission_id_84c5c92e_fk_auth_perm FOREIGN KEY (permission_id) REFERENCES public.auth_permission(id) DEFERRABLE INITIALLY DEFERRED;


--
-- Name: auth_group_permissions auth_group_permissions_group_id_b120cbf9_fk_auth_group_id; Type: FK CONSTRAINT; Schema: public; Owner: kb4xc0tobb
--

ALTER TABLE ONLY public.auth_group_permissions
    ADD CONSTRAINT auth_group_permissions_group_id_b120cbf9_fk_auth_group_id FOREIGN KEY (group_id) REFERENCES public.auth_group(id) DEFERRABLE INITIALLY DEFERRED;


--
-- Name: auth_permission auth_permission_content_type_id_2f476e4b_fk_django_co; Type: FK CONSTRAINT; Schema: public; Owner: kb4xc0tobb
--

ALTER TABLE ONLY public.auth_permission
    ADD CONSTRAINT auth_permission_content_type_id_2f476e4b_fk_django_co FOREIGN KEY (content_type_id) REFERENCES public.django_content_type(id) DEFERRABLE INITIALLY DEFERRED;


--
-- Name: auth_user_groups auth_user_groups_group_id_97559544_fk_auth_group_id; Type: FK CONSTRAINT; Schema: public; Owner: kb4xc0tobb
--

ALTER TABLE ONLY public.auth_user_groups
    ADD CONSTRAINT auth_user_groups_group_id_97559544_fk_auth_group_id FOREIGN KEY (group_id) REFERENCES public.auth_group(id) DEFERRABLE INITIALLY DEFERRED;


--
-- Name: auth_user_groups auth_user_groups_user_id_6a12ed8b_fk_auth_user_id; Type: FK CONSTRAINT; Schema: public; Owner: kb4xc0tobb
--

ALTER TABLE ONLY public.auth_user_groups
    ADD CONSTRAINT auth_user_groups_user_id_6a12ed8b_fk_auth_user_id FOREIGN KEY (user_id) REFERENCES public.auth_user(id) DEFERRABLE INITIALLY DEFERRED;


--
-- Name: auth_user_user_permissions auth_user_user_permi_permission_id_1fbb5f2c_fk_auth_perm; Type: FK CONSTRAINT; Schema: public; Owner: kb4xc0tobb
--

ALTER TABLE ONLY public.auth_user_user_permissions
    ADD CONSTRAINT auth_user_user_permi_permission_id_1fbb5f2c_fk_auth_perm FOREIGN KEY (permission_id) REFERENCES public.auth_permission(id) DEFERRABLE INITIALLY DEFERRED;


--
-- Name: auth_user_user_permissions auth_user_user_permissions_user_id_a95ead1b_fk_auth_user_id; Type: FK CONSTRAINT; Schema: public; Owner: kb4xc0tobb
--

ALTER TABLE ONLY public.auth_user_user_permissions
    ADD CONSTRAINT auth_user_user_permissions_user_id_a95ead1b_fk_auth_user_id FOREIGN KEY (user_id) REFERENCES public.auth_user(id) DEFERRABLE INITIALLY DEFERRED;


--
-- Name: django_admin_log django_admin_log_content_type_id_c4bce8eb_fk_django_co; Type: FK CONSTRAINT; Schema: public; Owner: kb4xc0tobb
--

ALTER TABLE ONLY public.django_admin_log
    ADD CONSTRAINT django_admin_log_content_type_id_c4bce8eb_fk_django_co FOREIGN KEY (content_type_id) REFERENCES public.django_content_type(id) DEFERRABLE INITIALLY DEFERRED;


--
-- Name: django_admin_log django_admin_log_user_id_c564eba6_fk_auth_user_id; Type: FK CONSTRAINT; Schema: public; Owner: kb4xc0tobb
--

ALTER TABLE ONLY public.django_admin_log
    ADD CONSTRAINT django_admin_log_user_id_c564eba6_fk_auth_user_id FOREIGN KEY (user_id) REFERENCES public.auth_user(id) DEFERRABLE INITIALLY DEFERRED;


--
-- Name: main_database main_database_student_id_7fc1a0db_fk_main_usetracker_id; Type: FK CONSTRAINT; Schema: public; Owner: kb4xc0tobb
--

ALTER TABLE ONLY public.main_database
    ADD CONSTRAINT main_database_student_id_7fc1a0db_fk_main_usetracker_id FOREIGN KEY (student_id) REFERENCES public.main_usetracker(id) DEFERRABLE INITIALLY DEFERRED;


--
-- Name: SCHEMA heroku_ext; Type: ACL; Schema: -; Owner: u3d8etovkoa4at
--

GRANT USAGE ON SCHEMA heroku_ext TO kb4xc0tobb;


--
-- Name: LANGUAGE plpgsql; Type: ACL; Schema: -; Owner: postgres
--

GRANT ALL ON LANGUAGE plpgsql TO kb4xc0tobb;


--
-- PostgreSQL database dump complete
--

